F1_in_air_time,F2_on_paper_time,F3_total_time,F4_stroke_count,duty_cycle,path_length,median_acceleration,median_speed,p95_speed,stop_ratio,straightness,dominant_angle,direction_concentration,mean_pressure,width,height,aspect_ratio,ink_density,mean_slant,std_slant,abs_mean_slant,pen_up_path_length,median_pen_up_speed,p95_pen_up_speed,pen_up_ratio,id
12076,9322,21398,22,0.43564819141975886,154357.20655873042,-0.011466107567734696,7.857142857142857,14.208788747871463,0.06080525883319639,0.02053184600169028,27.123052733628093,20.8524634615464,593.0936238902341,8102,8914,0.9089073367736146,0.002826959694120399,0.15660111369204818,105.69258541253303,92.07152530099913,85229.85890998796,4.142857142857143,26.870165688162174,0.5521598946373739,u00001s00001_hw00006
13159,13149,26308,24,0.49980994374334803,95343.50260983492,0.0,3.142857142857143,9.124871569317099,0.15081206496519722,0.02985049525827143,-24.04728386171521,52.78928203376295,801.1824942791762,6036,5506,1.0962586269524155,0.0035532691319811694,7.07692207039221,105.48218102475765,84.89829850267404,48786.89017513473,1.8070158058105024,11.571679339151753,0.5116960132541034,u00002s00001_hw00006
29220,9985,39205,33,0.2546869021808443,204570.47410889686,0.0,6.71580529916752,20.055322185331043,0.06661502711076685,0.017147462092664673,50.6848801701678,13.719559173841622,536.7212990936556,7058,6555,1.0767353165522502,0.005533583457350339,12.43843186197807,106.9811519669122,90.74675792073286,124176.02694337005,2.9450754468697573,14.523094241309467,0.6070085503994517,u00003s00001_hw00006
13445,8770,22215,19,0.3947783029484582,94997.40188583487,0.0,5.209663042690464,10.107813565568803,0.10907504363001745,0.049122372091191246,21.071789061973778,20.65828120267721,554.6137339055794,5859,5881,0.9962591396021084,0.003576541084694239,-1.1763760732641895,106.87115934271189,87.95057093022444,51542.0602870186,2.375,15.62768239140598,0.5425628413391805,u00004s00001_hw00006
18572,14654,33226,25,0.4410401492806838,152702.11885077672,0.0,4.705382556179678,12.37499508653263,0.13111342351716962,0.036357414268735205,6.030288392621199,11.89280077909243,496.26656394453005,7133,7689,0.9276889062296788,0.0035142208060106087,16.06473396901414,109.67890551004578,91.92558172025552,77747.23136961096,2.32534010208005,15.308242787267343,0.5091431078673306,u00005s00001_hw00006
29944,14920,44864,43,0.33256062767475036,210263.73399408837,0.0,4.449260429256411,18.80913711887651,0.16778523489932887,0.0253331845579429,-2.780695161230192,102.82108079229232,537.1186868686868,13424,5361,2.5040104458123484,0.004007226906987158,-10.174989214343345,112.94388300918204,93.6801078912164,123698.06282740025,1.8582585934148133,15.861797407973421,0.5882995630186899,u00006s00001_hw00006
32836,15046,47882,32,0.31423081742617265,267749.6317498711,-0.01785714285714285,5.052782220373974,10.42646638869782,0.09775967413441955,0.014637543405330761,-10.557553964625235,12.485698209246417,538.3286573146293,8136,9643,0.8437208337654257,0.004200198303750857,11.049056359760735,107.20011342240483,91.79350060332595,193750.17710064727,2.7300412084801944,20.287887993119618,0.7236244391239598,u00007s00001_hw00006
18312,8119,26431,22,0.3071771783133442,98690.62848196246,-0.0065058332548135756,4.125,12.410902396061921,0.08617424242424243,0.01715337274420893,-5.58795162579235,51.93494774724082,424.6734693877551,3674,3465,1.0603174603174603,0.009879430322376545,16.396270263948356,104.49255590010254,87.37278786106718,61028.23502538488,1.8070158058105024,11.652327027344205,0.6183792317883448,u00008s00001_hw00006
15112,9437,24549,23,0.3844148437818241,135889.26478307578,0.0,5.755432216610669,17.826146219978057,0.17059301380991065,0.025741405759974596,35.714108179339824,29.28892954181603,465.42583732057415,6725,7637,0.880581380123085,0.003338871607949235,20.294860529082637,102.42288899890495,85.67850168702282,72602.26700980657,3.257644071711823,17.33049327522262,0.5342752212671384,u00009s00001_hw00006
11685,9974,21659,21,0.46050140819059054,94978.01935777615,0.0,4.75,15.662655191063621,0.1111963190184049,0.010695657356779405,14.56446508756984,67.14716853244609,312.57358490566037,6170,6927,0.8907174823155767,0.0028874360110567013,22.787425094507856,106.46902551069529,87.66801622559615,40197.435887783126,1.8626292586293283,12.425286922322593,0.4232288287289077,u00010s00001_hw00006
5485,6882,12367,21,0.5564809573865933,72045.18655896875,-0.10714285714285715,6.008497384232311,13.69126400633116,0.09395973154362416,0.022208930786970286,53.7809783625125,15.53355944371997,496.16612021857924,6041,6665,0.9063765941485371,0.0023931203659021175,21.705618117116856,107.27316324030197,90.73424502708407,28898.729455626606,3.4285714285714284,17.877590684222888,0.4011195034101701,u00011s00001_hw00006
4548,6138,10686,19,0.5743964065131948,107859.86238234838,-0.06853807178374627,8.442822395384141,42.27183881548323,0.03638644918444166,0.017412728008811298,27.70173011974598,1.8799664083321728,514.6323529411765,7520,8226,0.9141745684415269,0.0022155119822377654,27.276755123454443,108.96027270212831,97.0592330750333,38571.82013012197,6.694499722205704,21.96342569538988,0.3576105075434842,u00012s00001_hw00006
23838,11885,35723,22,0.33269882148755703,136452.54035768547,0.0,2.8066975291983574,10.22563494341787,0.1369774919614148,0.020959849063611327,3.613760585121968,65.32767403332078,412.10779961953074,5952,5717,1.0411054748994228,0.00517956894746933,11.149365719643338,106.16409792613818,85.18609104866718,94348.07111994845,1.2777531299998797,15.067873649806419,0.6914350650609521,u00013s00001_hw00006
14754,17929,32683,24,0.5485726524492855,117975.77758306092,0.0,3.5252809269118814,7.231378610224848,0.13401187446988974,0.03344016766174761,29.451172809962184,29.45336506293636,560.4160369437448,5919,6317,0.9369954092132341,0.003926404589240661,17.80325025584398,107.19563783483481,88.94982182772053,56771.74189176269,1.75,12.581013190164548,0.48121523803301497,u00014s00001_hw00006
12275,10790,23065,24,0.4678083676566226,139449.2173367585,-0.011690446978561697,5.415544755608617,12.142857142857142,0.056068133427963095,0.01856253967954131,82.5930360148454,14.177796124913508,497.4159106769016,8810,8367,1.0529460977650293,0.002367456713845844,14.5321216628301,112.15382425414973,96.0613724013772,78178.178037093,2.25,18.151941557092933,0.560621131693404,u00015s00001_hw00006
21618,17406,39024,30,0.4460332103321033,126315.4009498388,0.0,3.4285714285714284,9.17978032519765,0.12631578947368421,0.012266125251443544,13.978550660333756,50.60667344794338,575.504761904762,7013,7283,0.9629273650968008,0.0030172342720809256,24.110732445201087,107.69442329910505,88.97460343895814,58231.78878074155,1.125,9.872863807118858,0.46100307914049227,u00016s00001_hw00006
31349,20529,51878,34,0.3957168742048653,136946.07587265555,0.0,2.125,6.220567658974609,0.21590486807878112,0.010430795483265937,15.891342353737143,178.41802757182305,483.4183486238532,3506,3578,0.9798770262716602,0.013625410259989692,25.805241055117264,98.33329886746361,79.6633131510516,89497.42843588206,1.228903609577518,11.716718962222663,0.6535231321202997,u00017s00001_hw00006
23819,13523,37342,22,0.36213914626961596,171219.89622258832,0.0,6.030454326498076,20.279381339463225,0.1713641488162345,0.02236282340556776,28.49475376789411,31.42393929328238,667.7360801781737,7295,8649,0.8434501098392878,0.003454275298677393,14.481176895147247,104.11859182373335,84.58723882300981,72083.93486538308,1.8294640678379568,10.367854661688165,0.42100209412387996,u00018s00001_hw00006
46557,36674,83231,48,0.4406290925256215,213719.96829907584,0.0,1.7142857142857142,5.586973975149657,0.14472320132697492,0.013620346650403714,-6.72936965507398,110.39848225319348,216.40689796756314,5376,4257,1.262861169837914,0.009676512898773944,13.75311336822359,103.29199731776363,80.76701370913207,135920.59407907177,1.228903609577518,10.808535685711085,0.6359751742470173,u00019s00001_hw00006
12119,8917,21036,24,0.4238923749762312,109484.07773543576,-0.029428036383209788,5.650000945474106,14.694873055287037,0.11724137931034483,0.04753191076868802,-92.03462218020692,0.5068728233323411,618.6782094594595,6228,5866,1.061711558131606,0.003215726352685625,21.524831123661944,118.63114604547108,104.15134074650257,57444.49043889697,3.2244380122388465,15.696235711213806,0.5246835122245763,u00020s00001_hw00006
26439,28255,54694,40,0.516601455369876,170773.5316177173,0.0,1.7202277969703277,4.600354910887034,0.16639741518578352,0.007122664729634226,-7.600081832720928,119.667739356474,250.89344698987748,5374,5639,0.9530058521014364,0.0074390687707676555,15.793610203993405,101.5981501732019,82.54724646891147,117114.7332791933,1.741048534648015,12.9754813018432,0.6857897249636955,u00021s00001_hw00006
11889,10549,22438,23,0.47013994117122737,117372.78303456258,0.0,2.6838496117231694,16.392404376285796,0.24020319303338172,0.012825973519559183,1.7542428078152414,42.57082291218905,482.6588151320485,12472,5816,2.144429160935351,0.0025460757974750167,0.2146359979947858,99.19461856113388,74.15543788736863,65291.090188042785,2.892636675902369,15.796832744872878,0.5562711260652021,u00022s00001_hw00006
16782,9515,26297,24,0.3618283454386432,191177.4637344079,0.0,6.25,17.196959218415444,0.0815831987075929,0.026032764214666337,-58.0525838449722,7.86186159113163,637.9556259904913,7557,6631,1.1396471120494647,0.004720488723347974,3.500508707416602,110.67711824393405,92.04637480577142,124610.94254914307,3.738929236657829,22.491894374106185,0.6518076980153793,u00023s00001_hw00006
20092,10645,30737,30,0.3463252757263233,102022.5163140535,0.0,3.1149677935467777,8.73325020302064,0.217485549132948,0.0294369129343285,30.934268178613575,126.1588199964206,525.7050919377652,4207,5006,0.8403915301638034,0.006079123502466793,12.410605068965143,102.32583795273052,80.2343911025679,66385.03171687572,1.0400156984686455,10.022294419604647,0.650690005650559,u00024s00001_hw00006
15164,13741,28905,25,0.47538488150838953,138179.4515829966,0.0,4.51743363221221,10.15954327899963,0.09111111111111111,0.008781306096882246,-17.193745516214904,32.253212236929244,543.0252054794521,7532,8165,0.9224739742804654,0.002920140324161727,15.105702024431071,105.39522463883128,88.39913575365229,73162.50447926286,2.414150989478496,15.859459271469333,0.5294745610950574,u00025s00001_hw00006
9776,9559,19335,19,0.49438841479182827,86516.74103599126,0.0,4.5,9.75079342338664,0.1008,0.015099751166125004,85.10489950863406,5.34051994149495,450.3806146572104,6137,6274,0.9781638508128786,0.002828295746922175,12.770218320801295,107.14470497354586,89.95964075216217,43385.12407951486,2.23606797749979,14.846219773150949,0.5014650755449341,u00026s00001_hw00006
11127,12440,23567,26,0.5278567488437221,81843.24919167998,0.0,3.288818409491811,7.67860846738789,0.11555009219422249,0.022645169574536234,34.00801395310856,53.18071179714364,428.58015728977614,5113,4916,1.040073230268511,0.004290904835199014,20.625926537741673,105.10291070856181,89.35247250804578,38835.19543930546,2.1237241067597865,11.317044272670366,0.4745070097150221,u00027s00001_hw00006
13397,11560,24957,27,0.4631966983211123,106410.23149897947,0.0,4.714285714285714,10.891012467234011,0.09476474486414845,0.032394309900416626,-57.837969688784646,25.591853136915528,560.1438802083334,7394,7689,0.9616335024060346,0.0023349236130223387,2.1848650592147734,109.48459177049415,93.5776379444086,49160.13848020628,2.414150989478496,15.643184789960316,0.46198695170283277,u00028s00001_hw00006
12290,9433,21723,22,0.4342402062330249,65117.314232794604,0.0,2.857142857142857,6.750520788687925,0.0698051948051948,0.029497340630638788,-58.873727827355495,3.327644268805468,586.4625199362041,4514,4022,1.122327200397812,0.004499746031155985,13.196260163305626,118.77269671643081,104.48392511532946,36327.74644180958,1.625,11.31298891292569,0.5578815230606374,u00029s00001_hw00006
10567,10808,21375,21,0.5056374269005848,83846.20203040124,-0.007525568409929684,4.0485336851754115,8.715690489085793,0.103886925795053,0.0415930359986045,14.832527167340862,72.60364102237926,491.7883008356546,6603,7314,0.9027891714520099,0.0022262495910996445,28.829329410897948,108.56130994234782,96.13908132646372,39383.73553727668,1.8582585934148133,14.786209884272639,0.4697140071174219,u00030s00001_hw00006
12597,9413,22010,19,0.4276692412539755,96938.83835769595,0.0,5.625,11.737752643936174,0.11363636363636363,0.044275653370844874,-75.81607268840585,0.7845610258486203,446.4756195043965,6610,7170,0.9218967921896792,0.0025767933521788095,14.356716134933137,108.9686135753001,93.59181367075504,45935.76649444057,2.1759351731039738,13.143853912919804,0.4738633892531449,u00031s00001_hw00006
9682,12161,21843,24,0.5567458682415419,67155.28756063024,0.0,2.943613010427356,7.289004559714255,0.1551507537688442,0.018365689401305684,17.742515781999593,15.374893909587417,464.3285891089109,4758,4523,1.0519566659296926,0.003909555640232783,10.669724087886411,100.75248830992366,81.68317593121613,28977.230512436447,1.5322189841454283,10.490328426521287,0.4314958890805843,u00032s00001_hw00006
38329,30718,69047,57,0.4448853679377815,244156.87347598377,0.0,3.2137400330456103,7.274501175128008,0.1855259885600597,0.0042818846841668765,-18.574547594810035,137.60293632467256,663.3800882785679,6398,5871,1.089763243059104,0.008060793525424865,7.846028159500623,103.95055719621722,83.06967559940485,149573.26737140003,1.9059520091609048,13.3900662969706,0.6126113315671723,u00033s00001_hw00006
21418,14616,36034,30,0.4056169173558306,169926.0562469444,-0.017857142857142905,3.375,8.472162958174842,0.18880753138075315,0.0036013742265608244,14.276874147405245,37.458161391124214,452.062306900103,6606,5572,1.185570710696339,0.005407351592771196,-0.7813342531873256,109.04623807655258,87.55445896839642,119570.03647862258,2.885849095153799,23.01523652300347,0.7036592216608492,u00034s00001_hw00006
7693,6665,14358,21,0.46420114222036496,56379.31473126239,-0.01785714285714285,4.118360525424816,10.83220026430248,0.052083333333333336,0.032565878944618445,29.68984939704549,26.33719743272259,384.3322033898305,4424,4593,0.963204876986719,0.0035237818308314402,29.451753909689298,109.36567927625863,96.69226251832588,25376.328961845556,2.6883122180733356,8.814442510838862,0.4500999893809343,u00035s00001_hw00006
11289,12544,23833,25,0.526329039566987,131252.50642720307,0.0,4.371901037821038,13.503157888854705,0.14129110840438489,0.03282083847393751,-1.2295201583789817,56.28555341018558,625.0803839232153,8030,8670,0.9261822376009228,0.002382729645021236,8.821783563570062,101.681481517947,82.9875215326653,69552.8885152424,2.7142857142857144,21.710820890829645,0.5299166500398886,u00036s00001_hw00006
10850,8926,19776,22,0.45135517799352753,96495.4975288655,-0.017432156787271946,4.857142857142857,12.803667305813649,0.09192439862542956,0.021547526436112102,58.74036630706717,3.1745269860792873,413.5337268128162,6456,7262,0.8890112916551914,0.0026091311583655357,12.106596992138767,108.08109272100258,89.59208271507877,46957.9534527436,2.9065394062622674,11.385754124389662,0.48663362182983383,u00037s00001_hw00006
6671,7572,14243,22,0.5316295724215404,77273.2030696765,-0.01785714285714235,6.544320056354212,12.867456083293007,0.11269035532994924,0.05124171365063857,-21.21233232700419,3.487784154640681,459.4985104270109,6398,6211,1.0301078731283206,0.0025409835592543535,3.94824876520855,111.02521659223453,90.4937205350305,29174.513144120094,3.5138211074996692,11.381160431978591,0.37755019832442716,u00038s00001_hw00006
8875,6786,15661,22,0.43330566375071833,129616.36652914723,-0.02716248982141653,8.075332868098375,18.97958028646597,0.06136363636363636,0.028622205917299307,15.863808379799446,12.624829931174627,452.28935698447896,9106,9285,0.9807215939687668,0.0019612421470155197,8.510751105805287,111.17968181187699,96.13721635350291,69484.77171509393,3.8992411611303375,25.515132447476304,0.5360802310367856,u00039s00001_hw00006
12353,9685,22038,24,0.4394681913059261,169755.5653067962,-0.001759921032896461,5.858884758402822,17.75679958590221,0.0997624703087886,0.031627208034435805,19.376312728837025,28.394325682073347,469.3177933177933,9635,11050,0.8719457013574661,0.002054884390326725,14.983118061181802,109.29083490746852,94.32656878950282,103674.80078815646,3.5044586059522747,18.168830195425716,0.6107299080344544,u00040s00001_hw00006
23977,7980,31957,24,0.24971054854961355,102794.83065579273,0.0,4.432744885656529,13.973666433032971,0.07239382239382239,0.03483855531907254,3.7313860998336,73.53512763997138,391.86603773584903,6010,5561,1.0807408739435354,0.003948307626495237,31.35205104085831,108.62545030721611,96.56674385510675,62614.72458349528,2.5295128217170797,16.671229460668567,0.6091232816284308,u00041s00001_hw00006
7538,12100,19638,22,0.6161523576738975,59542.860627874776,-0.010300560373251777,2.9475906885856222,6.504713683022817,0.1601513240857503,0.03818381573882446,13.513812807037546,7.67998701564801,560.3376865671642,4189,4059,1.0320275930032028,0.004010962904004753,33.957427024962264,106.16232653030377,91.3772121083553,23549.769126739506,2.040127791775971,10.021759094952877,0.3955095351215754,u00042s00001_hw00006
7149,8443,15592,20,0.5414956387891227,88452.6140212268,0.0,5.151607256516785,12.259353953793434,0.15789473684210525,0.04617276196486955,52.352648458376954,16.926851203704246,293.79233511586455,6559,7259,0.9035679845708775,0.0023456697424102933,44.210864251310944,104.70573712155809,96.23882642057258,42751.685531241536,4.428571428571429,14.455983084220872,0.4833286840000231,u00043s00001_hw00006
10566,5898,16464,20,0.35823615160349853,59130.43917321391,-0.014151203638685494,3.094854600784987,7.012379383596653,0.0982961992136304,0.02784669627066486,-48.57613180839457,5.722350241925088,452.3882503192848,5492,4981,1.1025898413973099,0.0027452331026232945,21.2499486325967,114.20361913934312,99.1866555901878,40664.00464250571,2.1578345627040085,12.827830231170399,0.687700027449255,u00044s00001_hw00006
10528,9089,19617,19,0.4633226283325687,60845.86544645818,0.0,2.6840420325794194,7.447630824711078,0.10933557611438183,0.03226877855458831,-22.750362261538044,11.877928349914646,565.0745033112582,4736,4082,1.160215580597746,0.004121042633437688,35.53874311295564,106.02146954282381,95.1534113587307,33174.07076449751,1.9948848769417227,11.494140346400897,0.5452148723842101,u00045s00001_hw00006
9331,11356,20687,23,0.5489437811185769,87857.18437256795,0.0,4.291661056882363,7.845176895961071,0.0908479138627187,0.04014195331818157,51.03815581282827,2.608311071523003,686.5235255135851,5492,5966,0.9205497820985585,0.003378058517360357,2.599979928747901,107.61158400343022,91.89075508237018,42303.853533365414,1.9644929782909504,16.472834473014608,0.48150704846141346,v00006s00001_hw00006
22951,12752,35703,21,0.3571688653614542,140577.56383621227,0.0,5.285714285714286,11.119015971179227,0.11011370436864153,0.026214363949835135,-2.7545820961291465,79.55480593377966,435.42671394799055,7353,7614,0.9657210401891253,0.003201754035803973,16.771646476642236,103.38986849886619,87.48590118475352,73952.32091904234,1.2936264483053455,10.67526155454036,0.5260606237650028,v00007s00001_hw00006
8690,6571,15261,22,0.4305746674529847,70532.3173496728,-0.019476127911701724,4.716449719776908,17.48055778415487,0.07873090481786134,0.04148155668946893,3.1777503644063034,11.859405235663775,624.4902634593357,5022,5744,0.8743036211699164,0.003086422092475665,1.0728824941836677,113.28193203572584,96.52435649119197,29938.249849112202,2.1830311495716224,12.257960196302008,0.424461452197715,v00008s00001_hw00006
17940,12618,30558,20,0.41291969369723147,122665.39105880675,0.0,3.9149239106889704,10.068759301675446,0.23852657004830918,0.0366079851896647,2.3192769500500985,86.2648636205072,576.6521479713604,7143,6644,1.075105358217941,0.0031843109477400146,-6.178955076180152,100.38401164739608,78.02288044298906,70982.41655189035,2.2857142857142856,12.428884196171582,0.5786670220442278,v00009s00001_hw00006
35013,20100,55113,39,0.3647052419574329,168450.06177651492,0.0,2.6516504294495533,5.868454363266894,0.21474724439376663,0.010209861128325228,-9.475813023539814,88.07632498857217,607.6119850187266,4285,5656,0.7576025459688827,0.008524555659357306,5.153074365925215,102.9381908957201,82.51652548983456,118750.82844149432,1.625,14.331889603571383,0.7049616200143798,v00010s00001_hw00006
14862,15012,29874,21,0.5025105442860012,85631.5093736429,0.0,2.576941016011038,5.515839601629273,0.15610745058286873,0.03027919598272689,-10.539458783599304,19.898844087622265,515.0867602808426,3647,3819,0.9549620319455355,0.007818015133215958,3.2850653917591597,104.57410584312083,86.81980565565861,47569.388457642606,1.375,11.05724071613989,0.5555126705764258,v00011s00001_hw00006
28602,24032,52634,30,0.4565869969981381,227061.4442356841,0.0,3.011986687329679,8.857022232996336,0.1461100569259962,0.022302650259306323,-30.31460052171419,20.692263617436844,437.68640350877195,9255,7454,1.2416152401395224,0.004617241469053167,1.3457010404495557,101.34148808144539,82.11557798362011,145051.3481698488,1.9430672155336346,12.755327214451242,0.6388198078194602,v00012s00001_hw00006
45775,13201,58976,26,0.22383681497558328,160849.73097895825,0.0,2.7633117100928346,13.026853752560104,0.2508690614136732,0.02726936519464451,-52.937336360682934,1.5386470200846183,594.1267123287671,7119,7823,0.9100089479739231,0.003739082612604679,1.6544516914734244,102.91186238668128,83.52056228106892,105356.74612643929,0.7142857142857143,13.41253591541542,0.6550010714050971,v00013s00001_hw00006
23362,28397,51759,20,0.548638884058811,142423.19189359556,0.0,2.42706097986845,5.714285714285714,0.1640479360852197,0.022798087843241967,12.180361244284972,122.45331212835772,636.7562913907285,5146,5510,0.9339382940108893,0.006431088667589099,12.2096587921253,100.46891008791852,81.47723631353364,72447.13250344028,1.25,16.313924707155486,0.5086751078965115,v00014s00001_hw00006
23529,10915,34444,24,0.3168911856927186,98984.34437597758,0.0,4.540605460449145,9.548655256913213,0.06732117812061711,0.03550391838865482,-28.96129095699911,93.92728021945624,604.3013793103448,5947,6252,0.9512156110044786,0.003306022638079509,21.140552851001818,110.82515386928304,96.3811404142478,49622.632175400126,1.5206906325745548,9.008437420456993,0.5013179860737956,v00015s00001_hw00006
29430,18646,48076,36,0.3878442466095349,228912.33063537307,-0.010797675616468938,5.55090082779363,11.53963887243108,0.10323637853338796,0.02365580375146341,-11.525729886509575,48.93822003468604,461.3625353249899,8896,9995,0.8900450225112556,0.003228766347152237,1.8535846849276165,106.47934184277679,90.80054413497227,127874.09454221666,2.875,16.550620653339895,0.5586160177011308,v00016s00001_hw00006
14819,9538,24357,28,0.39159173954099435,131243.131892721,0.0,5.890269677752643,14.369751971545718,0.06310679611650485,0.03884377374589397,16.064891990301792,48.650485402843756,542.6210443037975,8572,8433,1.016482864935373,0.002706170142195826,17.026065453311567,110.42939589211454,95.80431838511929,72555.42566544344,1.7142857142857142,11.498243106254831,0.5528321720084426,v00017s00001_hw00006
31130,13701,44831,23,0.3056144185942763,138913.33189461767,0.0,2.75,8.26667711641991,0.16211699164345403,0.02884564779538818,25.301324907376923,172.9098482848866,489.8096809680968,5132,5732,0.895324494068388,0.005821859028459253,15.19486479910181,103.85737430972388,87.35472696778366,96093.16271152085,1.5,15.469283878764736,0.6917490308591762,v00018s00001_hw00006
18737,14519,33256,35,0.43658287226365167,180822.2751502348,-0.017857142857142794,3.582838915424129,8.720196897513969,0.1536430834213305,0.027027191575139272,-9.148503950977886,65.05794794692245,504.3234836702955,6457,6534,0.9882154882154882,0.0054695370823561315,14.724432933298072,103.62761930233795,86.67997208088497,126792.99583801714,3.5794552658190883,21.87619330388546,0.7012023033814399,v00019s00001_hw00006
16462,8545,25007,21,0.34170432278961893,147648.97443238983,-0.023576462394762965,7.4916620318858484,13.590642688098319,0.05750224618149147,0.027066217719794408,82.92439440394068,6.3738587016525,491.5608465608466,8273,7489,1.1046868740819868,0.003094240315762446,9.192577809585472,108.7082375036344,92.53273694169837,87155.6820236948,2.7142857142857144,15.379875472062023,0.5902897894059155,v00020s00001_hw00006
17526,13861,31387,21,0.44161595565042855,131234.86517299188,0.0,3.878947474866871,8.795692046512215,0.13736263736263737,0.024304103421575157,31.618605606209318,25.76786647414006,466.76643128734383,6886,7182,0.9587858535226956,0.0033028265910944434,6.616692005042377,101.75768448266463,86.30616303053358,77247.50902249734,2.228530817123754,12.404700763124053,0.5886203252517599,v00021s00001_hw00006
23324,8563,31887,30,0.2685420390754853,97762.2662170104,0.0,3.7498299281161964,6.75911233504883,0.06859205776173286,0.03029251250001303,-9.28449025537213,56.667339164981094,433.03163444639716,4299,4226,1.017274017983909,0.006946156013613497,10.321898673261446,111.62810220992523,97.45585248492307,66827.75639279812,1.5662455107677085,11.632891243331564,0.6835741332392544,v00022s00001_hw00006
17912,12372,30284,21,0.40853255844670455,85642.7880724962,0.0,3.400367627183861,7.189845446949497,0.1583487369069624,0.0298887222306555,22.664466643613842,29.701620391327964,562.5930656934306,5544,5139,1.0788091068301227,0.003780454058737364,8.163787864928304,97.39231060986458,78.33915735377795,45478.41987374709,1.1792476415070754,9.999375489847754,0.5310245135322992,v00023s00001_hw00006
20314,11428,31742,34,0.36002772352088713,132523.9308029561,0.0,4.952838806674205,15.862635585087002,0.12070128118678354,0.03550271383941357,31.158365332316006,43.237873221201085,532.9591298615688,8024,7461,1.0754590537461466,0.0028115574667455165,-1.8651452524216308,110.9689616477819,92.60806603938795,68718.7408905663,2.142857142857143,11.373369398870132,0.518538353595481,v00024s00001_hw00006
11017,9946,20963,22,0.4744549921289892,69673.87447518346,0.0,2.625,9.126706175153746,0.14923076923076922,0.037396453325749625,137.08519298549925,0.3539870282981835,474.8177004538578,4163,3957,1.0520596411422796,0.005377382750627494,9.692879914084116,108.59055941428356,91.25856273851218,38474.24156015233,2.045403009039479,13.719063910863312,0.5522047087227242,v00025s00001_hw00006
12494,10926,23420,22,0.46652433817250216,135701.9805394552,0.0,6.457869309225719,15.32315409089726,0.11048951048951049,0.035607391003044137,-18.783268429657465,10.329402543914945,533.7169421487604,8687,8479,1.024531194716358,0.0023454735404709734,20.281412910370452,103.86519470515846,87.77074514739665,63631.89902170402,2.2407499537009503,13.706746569982457,0.4689091402258725,v00026s00001_hw00006
13273,14407,27680,27,0.5204841040462428,103712.52300072917,0.0,3.293174930547909,10.375564738542675,0.11823966065747614,0.04189984826516462,69.2669621637629,0.21961339107258,433.1667537898589,7337,7100,1.033380281690141,0.002493687350757739,19.011521181614796,106.51062594258566,91.40449430537103,46056.281890065155,1.6269110179279558,10.716659273562868,0.4440763811110964,v00027s00001_hw00006
27190,13693,40883,43,0.334931389575129,220412.17527906824,-0.013977720974934327,4.909382936411309,14.127188177378395,0.11605633802816902,0.01959174030392572,-31.946052321878938,13.002192198123845,356.12046204620464,7812,7681,1.017055070954303,0.004623995675818289,17.56217854000352,116.52853994896806,101.41124466994192,145537.02920107532,3.5355339059327378,15.060845376005531,0.6602948726258339,v00028s00001_hw00006
12795,13763,26558,26,0.5182242638752919,101798.92690869987,0.0,3.3000946956110213,8.031824455354627,0.14095449500554938,0.0379357687983328,35.372288017422,29.912375751127392,681.6022975929978,5984,6027,0.9928654388584702,0.0034340909004908667,22.91675646182756,108.83056661441918,94.87283060892854,53775.64246828977,1.789861251179177,12.466556105176858,0.52825352978936,v00029s00001_hw00006
16265,9071,25336,19,0.3580281023050205,82462.48265490789,0.0,4.900683460201055,10.303060734012977,0.10792580101180438,0.030569133207976325,9.184819136489564,97.6047782648651,735.3875518672199,5366,5497,0.9761688193560124,0.003503502553936866,6.137775422067299,107.50338943334118,91.12371317797407,38476.39855781453,1.0077822185373186,10.99744219054709,0.4665927743023699,v00030s00001_hw00006
24517,13068,37585,26,0.34769189836370895,151551.85083520852,0.0,3.5022086689268463,8.355683197785561,0.13348946135831383,0.022204739618676136,15.100747191271006,16.00052467602431,371.1701268742791,6805,6935,0.9812545061283345,0.003977255489597475,5.98528580260149,106.28896949152241,88.90136102292618,103042.02021842978,1.286953767623375,14.687535437833397,0.6799126480512178,v00031s00001_hw00006
15025,13114,28139,25,0.46604356942322045,106164.79369177602,-0.010843849986759135,4.0025502074634,9.914311844562166,0.10483401281304601,0.028918597784328093,31.463018776387873,7.030121466367029,483.14695752009186,6100,5870,1.039182282793867,0.003749366905878471,-0.6807115804663647,106.71958046669474,88.58598086857832,51564.04124243019,1.8571428571428572,15.958206839196057,0.48569812505013665,v00032s00001_hw00006
15495,9206,24701,29,0.3726974616412291,73487.57969002839,0.0,3.8830561417522667,7.142857142857143,0.08298407376362113,0.031026907299297107,8.248110131728426,23.29441913468673,438.36497545008183,3478,4570,0.7610503282275711,0.005900219552563996,13.49535965782886,107.561756487509,94.26726061448826,39886.175198430166,1.875,7.562922076990409,0.5427607681008219,v00033s00001_hw00006
17355,15814,33169,21,0.4767704784588019,85477.7616683178,0.0,2.8731687885528494,5.24575429935871,0.07060518731988473,0.04441673848072888,-76.88130406797177,11.860618713534272,623.2211126961483,5363,5605,0.9568242640499554,0.003599249673570194,7.017269446384559,109.11197909900844,95.83158413949968,42397.40989242606,1.5452362609131383,9.706088958354243,0.4960051487653846,v00034s00001_hw00006
9583,11183,20766,23,0.5385245112202639,155774.10993049858,-0.020730320565983007,5.5567572396504925,10.56494148618267,0.08407382091592618,0.032544407531293326,-16.10591366745688,5.952092703467235,572.9118438761776,7419,6877,1.0788134360913189,0.0038369774177285953,14.905325877646595,108.12175780682774,93.85870216872173,97287.23477618377,4.881406047441659,32.41897287846834,0.6245404632360937,v00035s00001_hw00006
10621,9148,19769,21,0.46274470130001516,97323.3861142354,-0.03502502522441642,4.088310101335921,11.075978234651148,0.05778894472361809,0.03583943524968294,24.657099391378928,15.123247284471951,435.34567901234567,5336,5950,0.8968067226890756,0.004020163654219602,26.912354335092626,108.60671597132144,95.97946134730664,54513.22406720012,2.709224585441853,20.39167780166548,0.5601246138642778,v00036s00001_hw00006
29480,16500,45980,27,0.3588516746411483,72984.6053259329,0.0,2.1092604371762,6.465096743135407,0.22032332563510393,0.028000425578248878,19.922318135295814,28.06993546499181,539.2910583941606,3463,3365,1.0291233283803862,0.007841685450490576,28.25297042534211,100.80394411016749,83.12157233021335,32733.300694568414,0.875,6.489412298131646,0.44849596087269117,v00037s00001_hw00006
15374,11786,27160,30,0.43394698085419736,153114.57819197216,-0.028442124690433168,5.491470659122199,14.168624019833922,0.10677083333333333,0.036089951854147366,-36.62947224683098,7.828621450128163,269.99936143039594,7596,9205,0.8252036936447583,0.0027842747676069687,14.927201878589925,109.27976870008492,93.83922939346125,82589.7822629209,2.8993533761858004,15.267813967720858,0.5393985552399289,v00038s00001_hw00006
32497,12178,44675,27,0.27259093452714045,137403.585349072,0.0,3.232488142567074,13.834415851763799,0.18376337319068597,0.018173931811062707,-9.094278383645864,134.56583757991754,345.4870049504951,4661,5662,0.8232073472271282,0.006867564270668435,24.80889862272449,103.30170673639365,85.53517651621576,83251.2446975722,1.0101525445522108,7.743914981269283,0.6058884452401552,v00039s00001_hw00006
22044,11235,33279,27,0.33760028847020646,147955.64990750136,-0.017857142857142905,5.439837932759935,9.33691796281714,0.04368600682593857,0.005169072195907585,-10.268354095316925,0.776466464287781,412.4892761394102,7978,8421,0.9473934212088826,0.0029634985611307007,5.003753883627218,109.99669588010283,94.74621512692173,90683.0926937022,2.25,13.374136441989634,0.6129072647810022,v00040s00001_hw00006
16240,12551,28791,27,0.43593484074884514,89884.84674012079,0.0,3.5556895680275726,7.83310730054434,0.22195121951219512,0.0376261908032183,-2.784668185065129,48.97634132622052,475.0599880023995,5177,5662,0.9143412221829742,0.003859568769696358,10.945279219904796,101.32051018532086,82.96210892362497,47619.11257698684,2.125,11.063735806679405,0.5297790929617471,v00041s00001_hw00006
13275,10075,23350,24,0.43147751605995716,135964.70688363287,0.0,5.87632963677158,11.154378585978728,0.08904109589041095,0.04413243912344537,44.05104549263273,23.297054858073988,256.4887892376682,8137,8034,1.0128205128205128,0.0026318955198356268,10.46431146751054,113.43917570929578,98.33551277169094,80185.60041308578,2.4285714285714284,15.228597802882595,0.5897530487945938,v00042s00001_hw00006
18301,9398,27699,23,0.33929022708401024,117541.34771907475,0.0,4.685803312270318,10.730461824470032,0.0923202614379085,0.04269523903903187,95.74527552973265,2.154203178263439,546.7056936647955,6748,7086,0.952300310471352,0.003233895294446717,15.0232115483964,108.68019224534913,92.63777962041048,70943.14334806846,1.9485530336198345,13.846149206030352,0.603559043049459,v00043s00001_hw00006
10254,6611,16865,26,0.39199525644826566,124522.06244074379,0.0,7.0,24.959538701073654,0.07050528789659224,0.05172838178104538,71.06479442203751,0.6294561248721344,525.2976054732042,8618,8609,1.0010454175862469,0.002123784435233106,13.69006013884255,117.91979574047923,106.06493742768359,64903.57816105955,3.7687033579203337,14.684694897576493,0.521221516001995,v00044s00001_hw00006
18125,13921,32046,30,0.4344067902390314,166707.36035752742,0.0,4.272001872658765,9.602082768843491,0.09290819131390875,0.027717647632482287,-150.482002894526,18.213715204264307,495.1157382368848,7539,7147,1.0548481880509304,0.003960614705344226,1.6671465230645666,117.15880994033412,104.18307209922426,105676.46433475129,2.5970755619406782,13.068694822633354,0.6339040106454402,v00045s00001_hw00006
20350,13117,33467,22,0.39193832730749695,147294.69169309724,0.0,4.791258105841875,8.715769852734706,0.05755813953488372,0.04251606982084725,91.88249724966958,5.014032133898711,597.288748564868,8556,7879,1.0859246097220459,0.002749168273240092,10.567555777218187,111.81936414470138,97.96919670783942,87483.96929487945,1.0,12.365191433361373,0.5939383713648064,v00046s00001_hw00006
25811,11649,37460,27,0.3109717031500267,154868.37243478422,-0.021771502233097095,5.0,10.0,0.0625,0.030181816574741765,153.41620485129855,1.7413077909076025,430.17517776341305,5937,6351,0.9348134152102031,0.005269038674248172,16.71031852380753,109.79465328310637,98.099412686086,96491.68688920741,2.3048861143232218,15.603605111489061,0.6230561177353401,v00047s00001_hw00006
25693,12566,38259,35,0.32844559450064037,178959.21324862386,-0.029061017820884272,6.036993621402057,10.281694736647582,0.05392156862745098,0.02921186883987351,52.186401500972856,27.20346685813785,408.52909418116377,7396,6978,1.059902550874176,0.004452639442605112,-7.319479619220826,110.45247998002938,94.87447188921166,108977.67427221814,2.5,14.924593877970725,0.6089525780425621,v00048s00001_hw00006
16012,14212,30224,24,0.47022233986236106,107939.59687239578,0.0,3.6443449342783127,9.212741770228963,0.17479892761394103,0.04504069636610793,13.263735399542472,18.300215255421648,476.82053996823714,6490,7382,0.8791655377946356,0.0028328127302469936,17.28121752657994,104.2781479194282,87.83812914124007,52505.24839575083,1.9430672155336346,11.786530185251149,0.48643176292219786,v00049s00001_hw00006
24578,21790,46368,26,0.4699361628709455,122148.32332711945,0.0,3.190635010497595,9.638187524902792,0.16202090592334495,0.019651437786737024,16.02937280167911,178.61454867866098,529.4502762430939,3988,3759,1.0609204575685023,0.009981606162344937,15.762265604414683,101.93317104450564,82.57111407112369,42156.86752666867,1.1517511068997928,8.197809563087755,0.34512849933904066,v00050s00001_hw00006
37720,15855,53575,33,0.29594027064862344,208584.51437150547,0.0,4.29071217753709,15.096439221009012,0.13886210221793635,0.018427884432005513,-4.30500540476266,69.71396680816036,471.2330327479829,6360,6534,0.9733700642791552,0.0062442936882853815,19.67346194927326,108.71141551032355,92.94781032618926,128325.44619983809,1.505199322349037,13.25834641597165,0.6152203896176125,v00051s00001_hw00006
41659,15624,57283,38,0.272751077981251,182430.17321189368,0.0,2.7737839769925143,11.445433922816287,0.2742014742014742,0.029539514142157355,12.059428949478582,211.510567937266,385.05306319343947,9152,9655,0.9479026411185913,0.00257046706512969,3.8146554761312874,104.239320688676,82.27851306303215,121452.45446935584,1.3287682265918312,9.43868490796675,0.6657476245899746,v00052s00001_hw00006
14280,7631,21911,19,0.34827255716306876,75669.6002599668,0.0,4.751644452187053,9.193378380699846,0.09356136820925554,0.053076367947905524,-17.258359796888538,25.3171575046056,645.9901283316881,5248,5518,0.9510692279811526,0.0033459832505820545,13.304086915093396,108.5991561937424,93.42024099657804,40661.19052884546,1.4285714285714286,9.430655433151006,0.5373517289526025,v00053s00001_hw00006
21566,12355,33921,29,0.36422864891954837,153813.1539021401,0.0,4.625,9.904010867530733,0.09807572936064556,0.019875813703231583,4.26675364900801,19.883798790452364,431.0548780487805,5043,6847,0.7365269461077845,0.005807277251617511,17.42650886457677,105.96816055792208,90.65718061388104,97406.30524351113,2.375,14.48559319621975,0.6332768217306274,v00054s00001_hw00006
31192,18777,49969,31,0.3757729792471332,218859.78394042578,0.0,3.684845253724445,10.404724343090642,0.22502030869212022,0.01867171546117255,-31.54628708988314,72.57590719764067,529.3513838748496,7461,7905,0.9438330170777989,0.004673501267360705,5.412122994428494,100.68518564803493,80.04980460517751,144766.1978803606,2.23606797749979,15.99463533303017,0.6614563684288673,v00055s00001_hw00006
31518,18910,50428,40,0.374990084873483,133583.65415976197,0.0,1.6298006013006623,5.714285714285714,0.20501415285078853,0.018595711775358063,-4.465541890164541,96.18965928914133,329.7449263828094,3448,3782,0.9116869381279746,0.012542479036052821,13.74242380655504,107.47627669651271,89.82051982168782,95268.05960868836,1.2777531299998797,10.913781400830143,0.7131715344060784,v00056s00001_hw00006
20004,13452,33456,24,0.4020803443328551,87996.39402784692,0.0,3.0,10.712871930532915,0.1902328222600795,0.03446137099461419,-11.501344181484127,70.5156877180139,376.86050420168067,5190,5981,0.8677478682494566,0.0036108997599554765,13.141081751307446,103.47021303040854,85.3046364873206,40335.10591876746,1.1428571428571428,7.125366008794165,0.45837225904965156,v00057s00001_hw00006
22865,12187,35052,27,0.3476834417436951,106601.07407181857,0.0,3.7142857142857144,10.114938374519745,0.13944723618090452,0.028565649301582997,31.357832914780086,51.91400598423343,687.3953057442866,5690,6223,0.9143499919652901,0.003737472679536458,11.148636476284599,100.43660006282184,83.5817211940232,57135.240575497126,1.4568627181693672,8.76231071100098,0.5359724662530544,v00058s00001_hw00006
18236,11124,29360,29,0.37888283378746596,156681.37772243045,0.0,6.76040864149498,13.926325364655064,0.1271596406357982,0.04277970998647322,-6.20709523685366,18.685222917945673,550.5853658536586,8903,10259,0.867823374597914,0.0022064858682171343,6.565950985790144,103.24904599438075,85.41534523638849,83841.19337908378,2.696901161851482,12.556217327862795,0.5351063068108387,v00059s00001_hw00006
14573,13819,28392,23,0.4867216117216117,90831.43033527552,-0.006205788526811973,2.9450754468697573,6.834776725972989,0.09316427783902977,0.041579555120547375,-37.096049638960736,6.587734011794372,395.7991290146979,4126,5341,0.7725145103913125,0.005239717653597327,2.4752061547681277,104.03568046944494,88.46256932308295,48661.73413433587,2.045403009039479,10.715997265885045,0.5357367373244752,v00060s00001_hw00006
30948,13091,44039,34,0.29725924748518356,201127.81275326267,-0.00034597513090905974,5.430450802499489,13.008599539398057,0.1718475073313783,0.016621137734273664,5.2596770104704635,61.60559384533856,481.70212765957444,8808,8600,1.024186046511628,0.0034209344115865075,12.987480213408352,105.23518152266453,86.68766566276864,128774.39424796955,2.9606610056513327,19.168629640655627,0.6402614958377038,v00061s00001_hw00006
17749,10921,28670,23,0.3809208231600977,76908.27060399,0.0,3.003399434518377,9.030040129668794,0.15546218487394958,0.04237276256055347,50.12579608321356,31.143854174378387,721.1626464507236,5029,5014,1.002991623454328,0.0037962722100425765,12.95662367050956,105.19835953542568,87.61301886738654,40015.488016398966,1.118033988749895,8.10702000048228,0.5203014929622272,v00062s00001_hw00006
8766,13334,22100,18,0.6033484162895928,125834.47773724576,-0.020026634782135844,6.144518047887591,11.990642610139025,0.11737891737891738,0.02960778108299056,8.523688695486598,41.420344877180675,790.1731528482798,8310,9395,0.8845130388504524,0.002119240656041988,13.741266369235898,101.0648118454088,86.380614006475,47436.16599893676,3.1044309389230644,19.229068146494292,0.3769727252175508,v00063s00001_hw00006
25152,9864,35016,23,0.28169979437971215,94419.65909971093,0.0,3.502231431530475,12.957526371098727,0.1250971250971251,0.04700366911254988,-5.81818599578308,36.87739205868781,337.41603053435114,7024,7976,0.880641925777332,0.0021043779956979995,12.558789931507793,107.08699368737993,89.6197360592729,49634.94939743815,1.625,11.04093873800903,0.5256844800193745,v00064s00001_hw00006
45943,12652,58595,30,0.21592286031231334,216330.86117675412,0.0,4.285714285714286,17.7680366107232,0.3875685557586837,0.018478919209046506,-6.2333948289470955,294.5496331558284,463.5505685218432,6036,7145,0.8447865640307908,0.006529702366127195,1.5995131721505218,90.80890539733161,64.78088281976268,147455.99028406077,2.4969360629363484,17.218667266890865,0.6816225363406712,v00065s00001_hw00006
38953,15995,54948,29,0.29109339739389967,236894.4079657918,0.0,3.6618081093398422,11.143446348706515,0.04532442748091603,0.0025802961118268335,-10.268418723021592,65.00047186849135,504.6771764705882,7177,6518,1.1011046333231052,0.006284521626276059,4.325486559281631,108.72754041846316,93.75777734909659,165625.499779478,2.0,13.791005605745307,0.6991532691788773,v00066s00001_hw00006
26782,16766,43548,28,0.3850004592633416,176762.908459781,0.0,3.3000946956110213,8.481191399680881,0.12369258753979082,0.02674141390486753,7.954375099795609,25.60599265158697,417.40098787606644,6469,7138,0.9062762678621462,0.0047019524568176745,9.264165308547726,111.10832368239328,98.20909736702804,117663.5605419224,2.142857142857143,12.57282342138421,0.6656575271768312,v00067s00001_hw00006
83909,35564,119473,44,0.2976739514367263,292830.68096694624,0.0,2.9146006918806924,9.143502787645037,0.16282051282051282,0.013975622072810355,10.331223520333749,174.00458424939828,660.1483911939034,7212,7130,1.011500701262272,0.007216582752499656,24.74951150138875,101.14791139404896,86.91382039627766,168488.44400070584,1.5,13.101107991213343,0.5753783840011091,v00068s00001_hw00006
17717,9302,27019,24,0.3442762500462637,96531.900672002,-0.002231472543912094,4.47213595499958,8.907486779465307,0.11890999174236168,0.03187947243041037,21.17882867297767,46.58860495149256,381.36275303643725,5544,6093,0.9098966026587888,0.0036872778821026705,9.882735289653333,112.64033277993137,96.89425804187034,57310.61774035758,1.9846348556356863,12.005659613718409,0.5936961495774203,v00069s00001_hw00006
20223,13836,34059,31,0.4062362371179424,109054.85318434946,0.0,3.599045012221992,10.80834343474324,0.1018262313226342,0.02674601885573822,41.43331808544668,36.72650487209287,456.892274211099,6366,6507,0.9783310281235592,0.003307621018225743,20.817748316704403,110.6606775376221,96.79175235045648,52864.603124958805,1.1428571428571428,10.019889439191855,0.4847524120324564,v00070s00001_hw00006
22437,8960,31397,28,0.28537758384559037,193597.3772719904,-0.05413425910549474,6.125,19.294186300541416,0.09474590869939707,0.021656744186186055,16.053186904589115,5.564960461182679,489.62068965517244,9494,9001,1.0547716920342185,0.002970330670665187,14.742603722401356,109.39434140002564,92.65489189293471,129953.0589922454,4.00780488547035,19.08933336732814,0.6712542330037389,v00071s00001_hw00006
40328,37234,77562,46,0.4800546659446636,223589.60725846226,0.0,1.625,3.9408897783239203,0.15320277437780497,0.009862077563263225,-13.603615971435252,42.048393266515454,254.89349232012935,6101,6292,0.9696439923712651,0.007284450107300351,2.2007347709441865,104.34675153848666,85.1461790221722,159160.5441992971,1.2857142857142858,11.868433196238076,0.7118423174978464,v00072s00001_hw00006
110005,10603,120608,29,0.08791290793313876,399290.04781196144,0.0,5.492064593879511,12.432934375150007,0.0501453488372093,0.019059169564739766,-18.36784775665763,222.1351020162295,235.13238434163702,9124,9940,0.917907444668008,0.005705709635200538,-13.907745347209909,107.32739933118836,93.9220130623933,337580.51246610953,0.7142857142857143,14.33408697889828,0.8454518571549449,v00073s00001_hw00006
15639,14424,30063,22,0.47979243588464227,114117.52418222549,0.0,3.4865814202453382,8.97497134305496,0.09297411516111992,0.03535177081621165,-34.890469198306874,54.79844386430036,314.90966057441256,5766,7451,0.7738558582740572,0.0033568125338729483,6.769365793822348,106.51192518012449,92.47327853263026,56609.72701304879,1.0540080833166683,9.00022670026627,0.49606515229556747,v00074s00001_hw00006
16298,13527,29825,24,0.45354568315171834,95180.51714148987,0.0,3.5714285714285716,8.95775856349375,0.14156796390298929,0.039784725841997,-2.341248052877035,86.96406613858801,606.7100723427935,5779,5242,1.102441816100725,0.003976110263292007,3.942041492985853,108.59980609450272,89.70689960387668,43343.61706881292,1.875,10.416166629916106,0.45538329030489294,v00075s00001_hw00006
11544,12547,24091,21,0.5208169025777262,95954.55888514257,0.0,4.7487914681699035,8.437969256272371,0.151183970856102,0.03207015960203382,17.128696581487276,18.427436324144974,679.8219424460432,7302,7535,0.9690776376907764,0.0022035368216907865,-0.8585630435787049,105.21258737354715,88.42347083667151,42416.140135560534,1.6817030058842137,14.152838207846859,0.44204403238758644,v00076s00001_hw00006
12081,9615,21696,24,0.44316924778761063,92606.1043083496,0.0,4.585132143592048,11.085937981499228,0.051118210862619806,0.05637254458278818,39.3869996634786,1.1524125428708658,471.044670846395,6858,7583,0.9043914018198602,0.0022219451739340784,-1.5927413658078307,110.33127437510603,95.27493590919862,44488.04238248295,1.9039432764659772,11.579362605637995,0.4804007545156156,v00077s00001_hw00006
24669,11080,35749,23,0.3099387395451621,186867.8253096075,-0.01785714285714285,6.576473218982953,18.698841554398857,0.060041407867494824,0.03119585100648173,4.862881657625423,61.89612997963521,502.20516304347825,9848,9802,1.0046929198122831,0.0024481256683711074,13.512667329693818,110.62730708439676,95.03813057185226,100029.56457466031,3.772889085152427,17.62069979308368,0.5352958135459045,v00078s00001_hw00006
11798,9306,21104,25,0.440959059893859,104563.51157147392,0.0,3.6763602924631855,13.39662808998186,0.10900082576383155,0.03788382194551842,-82.57385752843668,1.0383761949155073,566.995145631068,5622,5465,1.0287282708142726,0.004232368561166424,-4.5368971112387175,110.66114798738157,94.0669398459024,63256.24336075595,2.4327694808466287,13.883939546821551,0.6049552316107654,v00079s00001_hw00006
14408,9654,24062,26,0.4012135317097498,145621.27411242732,0.0,7.572776160399184,14.938469399219779,0.07250996015936255,0.03422900958987846,4.847709303631964,58.65686564941505,447.73770491803276,6660,6551,1.0166386811173866,0.00396706163844852,12.536384115067156,112.75484090233284,98.35351229883088,73736.56836205552,2.2587697572631282,11.876643599402527,0.5063584892488099,v00080s00001_hw00006
9904,10803,20707,22,0.5217076350992418,103076.07798241256,-0.01890847326867362,5.162814696306873,10.767824802508862,0.09900990099009901,0.05007265658594664,-37.05443953835774,24.0401275429222,502.78551532033424,7566,7384,1.0246478873239437,0.002412989135843068,-10.343032536884234,112.08229432496579,96.05525668883186,47734.04388589725,3.5659234700156857,16.564353663826136,0.4630952673038443,v00081s00001_hw00006
20215,11471,31686,23,0.3620210818658082,106561.65572252816,0.0,3.2885275094916437,8.37214719275765,0.128,0.028081187334835177,-3.260251984758125,66.94605712073498,529.2271831910703,4918,4886,1.0065493246009005,0.0053560057866947645,10.406255467180888,94.84651378387859,76.17637681373327,66083.64718811814,1.406979685970872,11.296768579842622,0.6201447109661175,v00082s00001_hw00006
13384,7837,21221,23,0.36930399132934355,121390.6373646309,-0.06162865916962623,5.4848842455823785,17.527545267857324,0.05992141453831041,0.02772510978964427,3.00234386142541,7.498980055225332,285.80211335254563,7320,7745,0.9451258876694641,0.0027277887387281625,20.966350643571417,111.74867774509686,98.81340853855767,70384.87338764261,3.293174930547909,17.754520854513828,0.5798212688860168,v00083s00001_hw00006
23005,14391,37396,40,0.38482725425179165,94965.85367292675,-0.025840896038866745,3.181980515339464,6.25,0.12506680919294494,0.029354339931159663,52.40225357194399,130.35766488741626,480.101517530089,4082,4500,0.9071111111111111,0.006680655620129843,14.775468343676101,107.14631281490664,89.91072042504356,51930.18004827637,1.286953767623375,8.044391681006381,0.5468300240540126,v00084s00001_hw00006
98064,17537,115601,65,0.15170283994083097,283389.36879182584,0.0,3.4285714285714284,7.174216873994125,0.10579902611775122,0.010647375932244362,10.900263786657074,148.5805230134112,522.8369191049914,6047,5235,1.1551098376313276,0.011327838291233655,10.133392369354958,108.95705861388323,93.15095734988236,224580.12985250913,1.4285714285714286,11.158081284189075,0.7924790220958599,v00085s00001_hw00006
19925,23323,43248,24,0.5392850536440992,117471.67381100277,0.0,2.125,5.142857142857143,0.11967479674796748,0.031038296807334824,0.5955978310734604,60.28636174319074,337.9961277831559,5174,5256,0.9843987823439878,0.005241157109421135,10.498155224586688,101.91101720201479,84.82879872905015,65639.44217995554,1.7899948694488097,11.906825104507739,0.5587682549374515,v00086s00001_hw00006
53931,27362,81293,35,0.3365849458132927,268167.1519094428,0.0,1.9430672155336346,5.589803000243896,0.22484713729849917,0.01680741156865579,19.2418411404062,212.87732615384894,396.2507569501789,6824,6648,1.02647412755716,0.007289400380023333,4.3067450298430625,96.56821298496003,76.53277313543965,209450.55683744472,1.346291201783626,13.962171889492634,0.7810447899606062,v00087s00001_hw00006
38813,18593,57406,30,0.3238860049472181,144078.24566437854,0.0,2.575393768188564,9.288311656834779,0.16584158415841585,0.023815625884656955,-0.78069807797434,177.87195953647284,687.3386308068459,5447,5772,0.9436936936936937,0.0057647996584442055,18.745519655572174,107.93968683713128,91.40686212871914,86908.4839713611,0.875,10.048961672930435,0.6032033744622981,v00088s00001_hw00006
14374,14807,29181,26,0.5074192111305301,136336.16383724153,0.0,4.25,9.276987657639737,0.1437403400309119,0.018596791064247404,17.438641746442975,34.67632843624019,541.6990340620234,5747,6141,0.93584106822993,0.004650063618277001,24.591860400453413,97.91119907093648,82.73025637726967,74996.99090495272,2.7428300633447993,15.144268227333542,0.5500887570409002,v00089s00001_hw00006
